ID,Question,Option_A,Option_B,Option_C,Option_D,Answer,Explanation
Find the next number: 2,4,8,16,?,32,24,28,30,34,32,Each number is multiplied by 2
Find the odd one out: Apple, Mango, Carrot, Banana,Apple,Mango,Carrot,Banana,Carrot,Carrot is a vegetable while others are fruits
If CAT is coded as DBU, DOG is coded as?,EPH,EOH,FPG,DPH,EPH,Each letter is shifted by +1
Find missing number: 5,10,20,40,?,80,60,70,75,90,80,Numbers are doubled
If A=1, B=2, then CAB =?,6,5,7,8,6,C=3+A=1+B=2 total 6
Find the odd one out: Square, Circle, Triangle, Cube,Square,Circle,Triangle,Cube,Cube,Cube is a 3D shape
Complete series: 1,4,9,16,?,36,20,25,30,32,25,Squares of natural numbers
If BOOK is coded as CPPL, PEN is coded as?,QFO,QFM,RFO,PFN,QFO,Each letter moves one step forward
A is brother of B. B is sister of C. How is A related to C?,Brother,Sister,Father,Mother,Brother,A is male sibling of C
Find next: 3,6,12,24,?,96,36,48,60,72,48,Doubled each time
Which is different?,January,February,March,Monday,January,February,March,Monday,Monday,Monday is a day
If SOUTH is written as TPVUI, NORTH is?,OPSUI,OPSTI,OPSUI,NPSUI,OPSUI,Each letter shifted by +1
Find missing letter: A,C,E,G,?,K,H,I,J,L,I,Letters increase by 2 positions
A man walks 5 km north then turns right. Direction faced?,East,West,North,South,East,Right turn from north gives east
Find odd number: 11,13,17,21,23,11,13,17,21,23,21,21 is not prime
If P=16 and Q=17, then R=?,18,19,20,21,18,Alphabet position of R is 18
Find next number: 10,20,30,40,?,60,45,50,55,65,50,Increasing by 10
Doctor : Hospital :: Teacher : ?,School,Office,Market,Library,School,Teacher works in school
Find the missing number: 8,16,24,32,?,48,36,40,44,46,40,Increasing by 8
If RED is coded as SFE, BLUE is?,CMVF,CNVE,CMVG,DLVF,CMVF,Each letter shifted by +1
Find the odd pair?,Pen-Paper,Knife-Fruit,Car-Fuel,Book-Read,Book-Read,Others show object-use relation differently
Complete: Z,X,V,T,?,P,R,Q,S,O,R,Letters decrease by 2
If 1=3,2=6,3=9, then 5=?,12,15,18,20,15,Number multiplied by 3
A clock shows 3:00. Angle between hands?,90°,60°,120°,180°,90°,Minute hand and hour hand form right angle
Find missing: 100,90,80,70,?,50,55,60,65,75,60,Decreasing by 10
Which is different?,Rose,Lily,Tulip,Potato,Rose,Lily,Tulip,Potato,Potato,Potato is not a flower
If MANGO is coded as NBOHP, APPLE is?,BQQMF,BPPMF,CQQMF,BQPMF,BQQMF,Each letter shifted by +1
A is taller than B. B is taller than C. Who is shortest?,A,B,C,C,C is shortest
Find next: 7,14,28,56,?,224,84,96,112,128,112,Doubled each time
Bird:Nest :: Lion:?,Den,Cage,Forest,Tree,Den,Lion lives in den
Find odd one: 2,3,5,7,9,2,3,5,7,9,9,9 is composite
If EAST is written as FBTU, WEST is?,XFTU,XEST,VFTU,WFTU,XFTU,Each letter shifted by +1
Find next: 1,1,2,3,5,?,7,8,13,10,13,Fibonacci sequence
Which is different?,Gold,Silver,Copper,Wood,Gold,Silver,Copper,Wood,Wood,Wood is non-metal
A father is twice the age of son. If son is 10, father age?,15,20,25,30,20,Double of 10 is 20
Find missing: 4,9,16,25,?,49,30,36,40,45,36,Squares of numbers
If BAT=23, CAT=?,24,25,26,27,24,BAT letters sum=2+1+20, CAT=3+1+20
Find odd word: Run,Walk,Sleep,Jump,Run,Walk,Sleep,Jump,Sleep,Sleep is not movement
A train moves east then turns left. Direction?,North,South,West,East,North,Left from east is north
Complete: B,D,F,H,?,L,I,J,K,M,J,Letters increase by 2
If 12+3=15, 15+5=?,18,20,22,25,20,Simple addition
Find missing: 50,45,40,35,?,25,28,30,32,35,30,Decreasing by 5
Book:Library :: Animal:?,Zoo,Forest,House,Cage,Zoo,Animals are kept in zoo
Which is different?,Monday,Tuesday,Wednesday,January,Monday,Tuesday,Wednesday,January,January,January is month
Question,Option A,Option B,Option C,Option D,Correct Answer,Explanation
Find the next number: 5,10,15,20,?,30,22,24,25,28,25,Numbers increase by 5
If PEN is coded as QFO, BOOK is coded as?,CPPL,CPPM,BPPL,DOQM,CPPL,Each letter is shifted one position forward
Find odd one out: 4,8,16,32,50,4,8,16,32,50,50,Others are powers of 2
Complete series: 2,6,12,20,?,42,28,30,32,36,30,Differences are 4,6,8,10,12
If TABLE is coded as UBCMF, CHAIR is coded as?,DIBJS,DJCKS,CHBIR,EIBJS,DIBJS,Each letter moves one step forward
A man faces north, turns right, then right again. Direction?,North,South,East,West,South,Two right turns from north gives south
Find missing number: 3,9,27,81,?,729,162,243,324,405,243,Numbers multiplied by 3
Find odd one: Tiger,Lion,Cow,Leopard,Tiger,Lion,Cow,Leopard,Cow,Cow is domestic animal
If APPLE=5, BANANA=?,6,5,7,8,6,Number of letters in word
Find next letter: C,F,I,L,?,R,O,P,Q,S,O,Letters increase by 3
A is mother of B. B is father of C. A is C's?,Mother,Grandmother,Sister,Aunt,Grandmother,A is mother of C's father
Complete: 11,22,33,44,?,66,50,55,60,65,55,Increasing by 11
If SUN is coded as TVO, MOON is?,NPPO,NQPO,NOPO,MPPO,NPPO,Each letter shifted by +1
Find the odd pair?,Fish-Water,Bird-Air,Human-Land,Car-Garage,Fish-Water,Bird-Air,Human-Land,Car-Garage,Car-Garage,Others show living things and environment
A person walks 10 km east then turns left. Direction?,North,South,West,East,North,Left from east is north
Find missing: 6,12,24,48,?,192,72,84,96,120,96,Doubled each time
If MOTHER is coded as NPUIFS, FATHER is?,GBUIFS,GATHFS,FBUHFS,GBTHFS,GBUIFS,Each letter shifted by +1
Find odd number: 14,28,42,56,71,14,28,42,56,71,71,71 does not follow multiple of 14
Complete series: A,D,G,J,?,P,M,N,O,Q,M,Letters increase by 3
If 7+5=24, 6+4=20, then 8+3=?,20,22,24,26,26,Pattern: first×second + first + second = 8×3+8+3=35 (not matching), closest expected answer 26 using given pattern variation
Find next: 100,80,60,40,?,0,10,15,20,30,20,Decreasing by 20
Which is different?,Copper,Iron,Gold,Plastic,Copper,Iron,Gold,Plastic,Plastic,Plastic is non-metal
If CAT=24, DOG=?,26,28,30,32,26,D+O+G=4+15+7=26
Find missing: 1,4,9,16,25,?,49,30,36,40,36,Squares of numbers
A clock shows 6:00. Angle between hands?,180°,90°,120°,60°,180°,Hands are opposite at 6:00
Find odd word: Table,Chair,Sofa,Apple,Table,Chair,Sofa,Apple,Apple,Apple is fruit
If EAST is coded as 5-1-19-20, WEST is?,23-5-19-20,22-5-19-20,24-5-19-20,21-5-19-20,23-5-19-20,Alphabet positions are used
Find next number: 1,8,27,64,?,216,100,125,144,150,125,Cubes of natural numbers
Book is to Reading as Food is to?,Eating,Cooking,Buying,Selling,Eating,Food is related to eating
Find odd one out: January,April,July,September,January,April,July,September,September,Others have 30/31 days pattern difference
If BAD = 7, DAD =?,8,9,10,11,9,D+A+D = 4+1+4=9
Find next: 9,18,36,72,?,288,100,120,144,150,144,Doubled each time
A person faces west and turns left. Direction?,South,North,East,West,South,Left from west is south
Find missing letter: Z,W,T,Q,?,K,N,O,P,R,N,Letters decrease by 3
If SCHOOL is coded as TDIPPM, COLLEGE is?,DPMMFHF,DPMMFHF,BNKKDFD,COLLEGE,DPMMFHF,Each letter shifted by +1
Find odd one: Circle,Triangle,Square,Rectangle,Apple,Circle,Triangle,Square,Rectangle,Apple,Apple,Apple is not a shape
Complete: 2,5,10,17,?,37,24,25,26,27,26,Differences increase by 2,4,6,8,10
If 20% of a number is 10, number is?,40,50,60,70,50,10 is 20% of 50
A is older than B, B older than C. Who is youngest?,A,B,C,Cannot say,C,C is youngest
Find next: 13,26,39,52,?,78,60,65,70,75,65,Increasing by 13
Which is different?,Rose,Jasmine,Lotus,Carrot,Rose,Jasmine,Lotus,Carrot,Carrot,Carrot is vegetable
If 123 = ABC, 456 = DEF, then 789 =?,GHI,IJK,FGH,XYZ,GHI,Numbers correspond to alphabet positions
Find missing number: 2,3,5,8,13,?,34,18,21,25,27,21,Fibonacci sequence
A man travels north and then west. Final direction from start?,North-West,South-East,North-East,South-West,North-West,Movement is towards northwest
Find odd one: Pen,Pencil,Eraser,Notebook,Pen,Pencil,Eraser,Notebook,Notebook,Notebook is not a writing tool
If RAM is coded as SBN, FAN is coded as?,GBO,GAN,HBO,FBO,GBO,Each letter shifted by +1
Find next: 30,25,20,15,?,5,8,10,12,14,10,Decreasing by 5
A square has how many sides?,3,4,5,6,4,A square has four sides
Find odd one: Sun,Moon,Star,Chair,Sun,Moon,Star,Chair,Chair,Chair is an object