ID,Question,Answer,Explanation
The largest continent in the world is?,Asia,Africa,Europe,North America,Asia,Asia is the largest continent by area and population.
The smallest continent in the world is?,Australia,Europe,Antarctica,South America,Australia,Australia is the smallest continent by land area.
The largest ocean in the world is?,Atlantic Ocean,Indian Ocean,Pacific Ocean,Arctic Ocean,Pacific Ocean,Pacific Ocean covers the largest area among all oceans.
The highest mountain peak in the world is?,Mount Everest,K2,Kilimanjaro,Kanchenjunga,Mount Everest,Mount Everest is the highest peak above sea level.
The longest river in the world is?,Amazon,Nile,Ganga,Yangtze,Nile,Nile is traditionally considered the longest river in the world.
The largest desert in the world is?,Sahara,Gobi,Thar,Kalahari,Sahara,Sahara is the largest hot desert.
The largest plateau in the world is?,Tibetan Plateau,Deccan Plateau,Colorado Plateau,Iranian Plateau,Tibetan Plateau,Tibetan Plateau is the highest and largest plateau.
The Earth's shape is called?,Sphere,Geoid,Cube,Ellipse,Geoid,Earth is slightly flattened at poles and bulged at equator.
The imaginary line dividing Earth into Northern and Southern Hemispheres is?,Prime Meridian,Equator,Tropic of Cancer,Tropic of Capricorn,Equator,Equator divides Earth into two equal hemispheres.
The Prime Meridian passes through?,India,Greenwich,Japan,Brazil,Greenwich,The Prime Meridian passes through Greenwich in England.
The Tropic of Cancer passes through how many Indian states?,6,8,10,12,8,Tropic of Cancer passes through eight Indian states.
The southernmost point of India is?,Kanyakumari,Indira Point,Rameswaram,Minicoy,Indira Point,Indira Point is the southernmost point of India.
The largest state of India by area is?,Madhya Pradesh,Rajasthan,Maharashtra,Uttar Pradesh,Rajasthan,Rajasthan is the largest Indian state by area.
The smallest state of India by area is?,Goa,Sikkim,Tripura,Nagaland,Goa,Goa is the smallest state by area.
The most populous state of India is?,Maharashtra,Uttar Pradesh,Bihar,West Bengal,Uttar Pradesh,Uttar Pradesh has the highest population.
The longest river in India is?,Godavari,Ganga,Krishna,Narmada,Ganga,Ganga is the longest river flowing within India.
The highest peak in India is?,Kanchenjunga,Nanda Devi,Anamudi,K2,Kanchenjunga,Kanchenjunga is the highest peak located in India.
The longest coastline of India belongs to?,Gujarat,Andhra Pradesh,Tamil Nadu,Maharashtra,Gujarat,Gujarat has the longest coastline among Indian states.
The Western Ghats are also called?,Sahyadri,Himalaya,Aravali,Vindhya,Sahyadri,Western Ghats are locally known as Sahyadri.
The Eastern Ghats are?,Continuous,Discontinuous,Fold mountains,Volcanic mountains,Discontinuous,Eastern Ghats are broken by rivers.
The Himalayas are?,Young fold mountains,Block mountains,Volcanic mountains,Residual mountains,Young fold mountains,Himalayas were formed by tectonic folding.
The oldest mountain range in India is?,Himalayas,Aravali,Western Ghats,Vindhya,Aravali,Aravali is one of the oldest fold mountain ranges.
The Deccan Plateau is located in?,Northern India,Southern India,Eastern India,Western India,Southern India,Deccan Plateau covers much of peninsular India.
The Thar Desert is mainly located in?,Rajasthan,Gujarat,Punjab,Haryana,Rajasthan,Most of the Thar Desert lies in Rajasthan.
The Indian monsoon is mainly caused by?,Pressure differences,Earth rotation only,Ocean waves,Volcanoes,Pressure differences,Monsoon occurs due to seasonal pressure changes.
The southwest monsoon occurs during?,Winter,Summer,Autumn,Spring,Summer,Southwest monsoon brings rainfall during summer.
The retreating monsoon occurs mainly in?,June,July,October-November,January,October-November,Retreating monsoon occurs after rainy season.
The highest rainfall place in India is?,Mawsynram,Chennai,Delhi,Mumbai,Mawsynram,Mawsynram receives the highest annual rainfall.
The state known as the spice garden of India is?,Kerala,Punjab,Gujarat,Rajasthan,Kerala,Kerala is famous for spices.
The largest freshwater lake in India is?,Dal Lake,Wular Lake,Chilika Lake,Pulicat Lake,Wular Lake,Wular Lake is India's largest freshwater lake.
The largest saltwater lake in India is?,Chilika Lake,Wular Lake,Sambhar Lake,Dal Lake,Chilika Lake,Chilika is India's largest coastal lagoon.
The largest river island in India is?,Majuli,Elephanta,Sriharikota,Salsette,Majuli,Majuli is located in Assam's Brahmaputra River.
The Sundarbans are located in?,West Bengal,Odisha,Gujarat,Kerala,West Bengal,Sundarbans are famous mangrove forests.
The largest delta in the world is?,Ganga-Brahmaputra Delta,Nile Delta,Amazon Delta,Godavari Delta,Ganga-Brahmaputra Delta,It is the world's largest river delta.
The river Brahmaputra enters India through?,Arunachal Pradesh,Assam,Sikkim,Nagaland,Arunachal Pradesh,Brahmaputra enters India through Arunachal Pradesh.
The river Narmada flows into?,Bay of Bengal,Arabian Sea,Indian Ocean,Red Sea,Arabian Sea,Narmada drains into Arabian Sea.
The river Godavari is called?,Dakshin Ganga,North Ganga,Blue River,Red River,Dakshin Ganga,Godavari is the second longest river in India.
The Krishna River originates from?,Maharashtra,Karnataka,Telangana,Odisha,Maharashtra,Krishna originates near Mahabaleshwar.
The Kaveri River originates from?,Kerala,Karnataka,Tamil Nadu,Andhra Pradesh,Karnataka,Kaveri originates in Karnataka.
The Bhakra Nangal Dam is built on?,Sutlej,Ganga,Yamuna,Narmada,Sutlej,Bhakra Nangal is built across Sutlej River.
The Hirakud Dam is built on?,Mahanadi,Godavari,Krishna,Kaveri,Mahanadi,Hirakud Dam is on Mahanadi River.
The Tehri Dam is built on?,Bhagirathi,Alaknanda,Yamuna,Ganga,Bhagirathi,Tehri Dam is built on Bhagirathi River.
The soil best suited for cotton cultivation is?,Black soil,Red soil,Alluvial soil,Laterite soil,Black soil,Black soil retains moisture and suits cotton.
The most fertile soil in India is?,Alluvial soil,Black soil,Red soil,Desert soil,Alluvial soil,Alluvial soil is rich in nutrients.
Red soil gets its colour due to?,Iron,Calcium,Magnesium,Salt,Iron,Iron oxide gives red colour to soil.
Laterite soil is found in?,High rainfall areas,Deserts,Plains,Cold regions,High rainfall areas,Laterite develops due to heavy rainfall.
The main food crop of India is?,Rice,Wheat,Cotton,Tea,Rice,Rice is one of India's major food crops.
The largest producer of tea in India is?,Assam,Kerala,Punjab,Gujarat,Assam,Assam is the leading tea-producing state.
The largest coffee producing state in India is?,Karnataka,Kerala,Tamil Nadu,Andhra Pradesh,Karnataka,Karnataka produces the most coffee in India.
Question,Option A,Option B,Option C,Option D,Correct Answer,Explanation
The largest wheat-producing state in India is?,Punjab,Uttar Pradesh,Haryana,Rajasthan,Uttar Pradesh,Uttar Pradesh is the largest producer of wheat in India.
The Green Revolution was most successful in?,Punjab and Haryana,Rajasthan,Kerala,Odisha,Punjab and Haryana,These states adopted modern farming methods extensively.
The Golden Revolution is related to?,Horticulture,Milk production,Fisheries,Cotton production,Horticulture,Golden Revolution refers to growth in horticulture production.
The White Revolution is related to?,Milk production,Rice production,Fish production,Oil production,Milk production,White Revolution increased milk production through Operation Flood.
The Blue Revolution is related to?,Fisheries,Agriculture,Forestry,Mining,Fisheries,Blue Revolution focuses on fish production.
The Yellow Revolution is associated with?,Oilseeds,Milk,Wheat,Cotton,Oilseeds,Yellow Revolution increased oilseed production.
The largest producer of rice in India is?,West Bengal,Punjab,Bihar,Gujarat,West Bengal,West Bengal is the leading rice-producing state.
The largest producer of sugarcane in India is?,Uttar Pradesh,Maharashtra,Karnataka,Gujarat,Uttar Pradesh,Uttar Pradesh produces the highest sugarcane.
The mineral-rich plateau of India is?,Chota Nagpur Plateau,Deccan Plateau,Malwa Plateau,Tibetan Plateau,Chota Nagpur Plateau,Chota Nagpur is rich in coal and minerals.
The largest coal-producing state in India is?,Jharkhand,Odisha,Chhattisgarh,Rajasthan,Jharkhand,Jharkhand has major coal reserves.
The largest iron ore producing state is?,Odisha,Karnataka,Goa,Punjab,Odisha,Odisha is a leading iron ore producer.
The largest bauxite-producing state is?,Odisha,Gujarat,Rajasthan,Tamil Nadu,Odisha,Odisha has large bauxite deposits.
The major petroleum-producing state in India is?,Gujarat,Punjab,Haryana,Bihar,Gujarat,Gujarat has important oil fields.
The first oil well in India was drilled at?,Digboi,Mumbai,Naharkatiya,Ankleshwar,Digboi,Digboi in Assam was India's first oil well.
The largest natural gas producing state is?,Assam,Gujarat,Rajasthan,Punjab,Assam,Assam has major natural gas reserves.
The Bhilai Steel Plant is located in?,Chhattisgarh,Odisha,Jharkhand,West Bengal,Chhattisgarh,Bhilai Steel Plant is located in Chhattisgarh.
The Rourkela Steel Plant is located in?,Odisha,Jharkhand,Gujarat,Tamil Nadu,Odisha,Rourkela Steel Plant is in Odisha.
The Bokaro Steel Plant is located in?,Jharkhand,Odisha,West Bengal,Chhattisgarh,Jharkhand,Bokaro Steel Plant is located in Jharkhand.
The Visakhapatnam Steel Plant is located in?,Andhra Pradesh,Telangana,Karnataka,Kerala,Andhra Pradesh,It is India's first shore-based steel plant.
The IT hub of India is?,Bengaluru,Chennai,Hyderabad,Pune,Bengaluru,Bengaluru is known as India's Silicon Valley.
The Silicon Valley of India is?,Bengaluru,Hyderabad,Mumbai,Delhi,Bengaluru,Bengaluru is famous for information technology.
The largest city in India by population is?,Mumbai,Delhi,Kolkata,Chennai,Delhi,Delhi has the highest urban population.
The financial capital of India is?,Mumbai,Delhi,Chennai,Hyderabad,Mumbai,Mumbai is India's major financial centre.
The capital of India is?,Mumbai,New Delhi,Kolkata,Chennai,New Delhi,New Delhi is the capital of India.
The Pink City of India is?,Jaipur,Udaipur,Jodhpur,Bikaner,Jaipur,Jaipur is called the Pink City.
The Blue City of India is?,Jodhpur,Jaipur,Agra,Delhi,Jodhpur,Jodhpur is known as the Blue City.
The City of Lakes is?,Udaipur,Jaipur,Mysuru,Surat,Udaipur,Udaipur is famous for its lakes.
The Garden City of India is?,Bengaluru,Mysuru,Delhi,Pune,Bengaluru,Bengaluru is known as Garden City.
The Manchester of India is?,Ahmedabad,Mumbai,Kanpur,Surat,Ahmedabad,Ahmedabad is famous for textile industries.
The Gateway of India is located in?,Mumbai,Delhi,Kolkata,Chennai,Mumbai,Gateway of India is a monument in Mumbai.
The Konkan Railway passes through?,Western coast,Eastern coast,Northern plains,Desert region,Western coast,Konkan Railway runs along India's western coast.
The Indian Standard Meridian is?,82.5°E,75°E,90°E,66.5°E,82.5°E,Indian Standard Time is based on 82.5°E longitude.
The Standard Meridian of India passes through?,Mirzapur,Delhi,Mumbai,Chennai,Mirzapur,The standard meridian passes near Mirzapur in Uttar Pradesh.
The Andaman and Nicobar Islands are located in?,Bay of Bengal,Arabian Sea,Indian Ocean,Red Sea,Bay of Bengal,They are located in the Bay of Bengal.
The Lakshadweep Islands are located in?,Arabian Sea,Bay of Bengal,Pacific Ocean,Indian Ocean,Arabian Sea,Lakshadweep lies in the Arabian Sea.
The largest island group of India is?,Andaman and Nicobar,Lakshadweep,Maldives,Sri Lanka,Andaman and Nicobar,Andaman and Nicobar has many islands.
The capital of Andaman and Nicobar is?,Port Blair,Kavaratti,Agatti,Car Nicobar,Port Blair,Port Blair is the capital.
The capital of Lakshadweep is?,Kavaratti,Agatti,Minicoy,Port Blair,Kavaratti,Kavaratti is the administrative capital.
The highest dam in India is?,Tehri Dam,Bhakra Dam,Hirakud Dam,Sardar Sarovar Dam,Tehri Dam,Tehri Dam is India's highest dam.
The longest dam in India is?,Hirakud Dam,Tehri Dam,Bhakra Dam,Nagarjuna Sagar Dam,Hirakud Dam,Hirakud is one of the longest dams in the world.
The largest lake in India is?,Vembanad Lake,Chilika Lake,Wular Lake,Dal Lake,Vembanad Lake,Vembanad is India's largest lake by area.
The largest brackish water lake in India is?,Chilika Lake,Pulicat Lake,Sambhar Lake,Wular Lake,Chilika Lake,Chilika is India's largest brackish water lagoon.
The national park famous for Asiatic lions is?,Gir National Park,Kaziranga,Jim Corbett,Kanha,Gir National Park,Gir in Gujarat protects Asiatic lions.
Kaziranga National Park is famous for?,One-horned rhinoceros,Tiger,Lion,Elephant,One-horned rhinoceros,Kaziranga is famous for rhinos.
Jim Corbett National Park is located in?,Uttarakhand,Rajasthan,Gujarat,Assam,Uttarakhand,Jim Corbett is India's first national park.
The Sundarbans National Park is located in?,West Bengal,Odisha,Assam,Kerala,West Bengal,Sundarbans is a mangrove ecosystem.
Project Tiger was launched in?,1973,1980,1990,2000,1973,Project Tiger was started to protect tigers.
The first biosphere reserve in India was?,Nilgiri,Nanda Devi,Gulf of Mannar,Sundarbans,Nilgiri,Nilgiri was India's first biosphere reserve.