ID,Question,Option_A,Option_B,Option_C,Option_D,Answer,Explanation,Difficulty,Topic
1,"UPSC stands for:","Union Public Service Commission","United Public Service Commission","Universal Public Service Council","Union Private Service Commission","Union Public Service Commission","UPSC is India's central recruiting agency for civil services.","Easy","UPSC Awareness"
2,"UPSC was established in which year?","1926","1935","1947","1950","1926","UPSC was established on 1 October 1926.","Medium","UPSC History"
3,"UPSC headquarters is located in:","Mumbai","New Delhi","Kolkata","Chennai","New Delhi","UPSC headquarters is located at Dholpur House, New Delhi.","Easy","UPSC Awareness"
4,"UPSC conducts the examination for:","Civil Services","Banking Services","Railway Services","Police Recruitment Only","Civil Services","UPSC conducts Civil Services Examination for IAS, IPS, IFS and other services.","Easy","UPSC Awareness"
5,"The Civil Services Examination is conducted in how many stages?","2","3","4","5","3","The stages are Preliminary, Main and Interview.","Easy","UPSC Exam Pattern"
6,"The first stage of UPSC Civil Services Examination is:","Main Examination","Interview","Preliminary Examination","Training","Preliminary Examination","Prelims is the first stage of the Civil Services Examination.","Easy","UPSC Exam Pattern"
7,"The Civil Services Examination is conducted by:","SSC","UPSC","IBPS","RRB","UPSC","UPSC conducts the Civil Services Examination.","Easy","UPSC Awareness"
8,"The Indian Administrative Service is known as:","IPS","IAS","IFS","IRS","IAS","IAS stands for Indian Administrative Service.","Easy","Civil Services"
9,"The Indian Police Service is known as:","IAS","IPS","IFS","IRS","IPS","IPS stands for Indian Police Service.","Easy","Civil Services"
10,"The Indian Foreign Service is known as:","IFS","IAS","IPS","IRS","IFS","IFS officers handle India's foreign relations.","Easy","Civil Services"
11,"The head of UPSC is called:","Chairman","Governor","President","Director","Chairman","UPSC is headed by a Chairman.","Easy","UPSC Awareness"
12,"The Chairman and members of UPSC are appointed by:","Prime Minister","President of India","Chief Justice","Parliament","President of India","The President appoints UPSC Chairman and members.","Medium","Indian Polity"
13,"The term of office of UPSC members is:","4 years","5 years","6 years","7 years","6 years","UPSC members serve for six years or until age 65.","Medium","Indian Polity"
14,"The Constitution of India came into force on:","15 August 1947","26 January 1950","26 November 1949","2 October 1950","26 January 1950","The Constitution came into force on 26 January 1950.","Easy","Indian Polity"
15,"The Chairman of the Drafting Committee of the Indian Constitution was:","Jawaharlal Nehru","B.R. Ambedkar","Rajendra Prasad","Sardar Patel","B.R. Ambedkar","Dr. B.R. Ambedkar chaired the Drafting Committee.","Easy","Indian Polity"
16,"The President of India is elected by:","Direct Election","Electoral College","Prime Minister","Supreme Court","Electoral College","The President is elected by an Electoral College.","Medium","Indian Polity"
17,"The Supreme Court of India was established in:","1947","1950","1952","1960","1950","The Supreme Court started functioning in 1950.","Easy","Indian Polity"
18,"The highest judicial authority in India is:","High Court","Supreme Court","District Court","Tribunal","Supreme Court","The Supreme Court is the highest court of India.","Easy","Indian Polity"
19,"The Fundamental Rights are mentioned in:","Part I","Part II","Part III","Part IV","Part III","Fundamental Rights are included in Part III of the Constitution.","Easy","Indian Polity"
20,"Directive Principles of State Policy are included in:","Part III","Part IV","Part V","Part VI","Part IV","DPSP are mentioned in Part IV.","Easy","Indian Polity"
21,"Fundamental Duties were added by which Amendment?","42nd Amendment","44th Amendment","52nd Amendment","73rd Amendment","42nd Amendment","Fundamental Duties were added by the 42nd Amendment Act, 1976.","Medium","Indian Polity"
22,"The first President of India was:","Dr. Rajendra Prasad","Jawaharlal Nehru","S. Radhakrishnan","Zakir Hussain","Dr. Rajendra Prasad","Dr. Rajendra Prasad was India's first President.","Easy","Indian History"
23,"The first Prime Minister of India was:","Sardar Patel","Jawaharlal Nehru","Rajendra Prasad","Lal Bahadur Shastri","Jawaharlal Nehru","Jawaharlal Nehru became India's first Prime Minister.","Easy","Indian History"
24,"The Quit India Movement was launched in:","1940","1942","1945","1947","1942","Quit India Movement was launched in August 1942.","Easy","Indian History"
25,"The Indian National Congress was founded in:","1885","1905","1919","1947","1885","Indian National Congress was founded in 1885.","Easy","Indian History"
ID,Question,Option_A,Option_B,Option_C,Option_D,Answer,Explanation,Difficulty,Topic
26,"The largest state of India by area is:","Madhya Pradesh","Rajasthan","Maharashtra","Uttar Pradesh","Rajasthan","Rajasthan is the largest Indian state by area.","Easy","Geography"
27,"The smallest state of India by area is:","Goa","Sikkim","Tripura","Manipur","Goa","Goa is the smallest state by area.","Easy","Geography"
28,"The longest river in India is:","Yamuna","Ganga","Godavari","Narmada","Ganga","The Ganga is the longest river in India.","Easy","Geography"
29,"The highest mountain peak in India is:","Mount Everest","Kanchenjunga","Nanda Devi","K2","Kanchenjunga","Kanchenjunga is the highest peak located in India.","Medium","Geography"
30,"The Tropic of Cancer passes through how many Indian states?","6","7","8","10","8","The Tropic of Cancer passes through eight Indian states.","Medium","Geography"
31,"The largest plateau in India is:","Deccan Plateau","Malwa Plateau","Chota Nagpur Plateau","Tibetan Plateau","Deccan Plateau","Deccan Plateau is the largest plateau in India.","Easy","Geography"
32,"The Indian monsoon is mainly caused by:","Ocean currents","Seasonal winds","Earthquakes","Mountain formation","Seasonal winds","Indian monsoon occurs due to seasonal reversal of winds.","Easy","Geography"
33,"The Green Revolution is associated with:","Milk production","Agricultural production","Industrial growth","Fish production","Agricultural production","Green Revolution increased food grain production.","Easy","Indian Economy"
34,"The Father of Green Revolution in India is:","Norman Borlaug","M.S. Swaminathan","Verghese Kurien","Amartya Sen","M.S. Swaminathan","M.S. Swaminathan led India's Green Revolution.","Easy","Indian Economy"
35,"The White Revolution is related to:","Milk production","Rice production","Oil production","Cotton production","Milk production","White Revolution increased milk production.","Easy","Indian Economy"
36,"The Father of White Revolution in India is:","M.S. Swaminathan","Verghese Kurien","Norman Borlaug","C. Subramaniam","Verghese Kurien","Verghese Kurien is known as the Father of White Revolution.","Easy","Indian Economy"
37,"The Reserve Bank of India was established in:","1930","1935","1947","1950","1935","RBI was established in 1935.","Easy","Indian Economy"
38,"The headquarters of RBI is located at:","New Delhi","Mumbai","Kolkata","Chennai","Mumbai","RBI headquarters is located in Mumbai.","Easy","Indian Economy"
39,"The Planning Commission was replaced by:","Finance Commission","NITI Aayog","RBI","SEBI","NITI Aayog","NITI Aayog replaced the Planning Commission in 2015.","Easy","Indian Economy"
40,"NITI Aayog was established in:","2012","2014","2015","2017","2015","NITI Aayog was established on 1 January 2015.","Medium","Indian Economy"
41,"The national income of India is calculated by:","RBI","NSO","SEBI","Finance Ministry","NSO","National Statistical Office calculates national income estimates.","Medium","Indian Economy"
42,"GDP stands for:","Gross Domestic Product","General Domestic Product","Gross Development Plan","Government Domestic Product","Gross Domestic Product","GDP measures economic output of a country.","Easy","Indian Economy"
43,"The Union Budget is presented by:","President","Prime Minister","Finance Minister","RBI Governor","Finance Minister","The Finance Minister presents the Union Budget.","Easy","Indian Economy"
44,"The Constitution of India provides for:","Single citizenship","Dual citizenship","State citizenship only","No citizenship","Single citizenship","India follows the concept of single citizenship.","Medium","Indian Polity"
45,"The Indian Parliament consists of:","Lok Sabha only","Rajya Sabha only","President, Lok Sabha and Rajya Sabha","Prime Minister and Council","President, Lok Sabha and Rajya Sabha","Parliament includes President and two Houses.","Easy","Indian Polity"
46,"The maximum strength of Lok Sabha is:","545","550","552","600","552","The maximum strength of Lok Sabha is 552 members.","Medium","Indian Polity"
47,"The minimum age required to become a Lok Sabha member is:","18 years","21 years","25 years","30 years","25 years","A Lok Sabha candidate must be at least 25 years old.","Easy","Indian Polity"
48,"The minimum age required to become a Rajya Sabha member is:","25 years","30 years","35 years","40 years","30 years","The minimum age for Rajya Sabha is 30 years.","Easy","Indian Polity"
49,"The Vice President of India is the Chairman of:","Lok Sabha","Rajya Sabha","Supreme Court","NITI Aayog","Rajya Sabha","The Vice President serves as ex-officio Chairman of Rajya Sabha.","Easy","Indian Polity"
50,"The Speaker of Lok Sabha is elected by:","President","Prime Minister","Members of Lok Sabha","Chief Justice","Members of Lok Sabha","Lok Sabha members elect their Speaker.","Easy","Indian Polity"
ID,Question,Option_A,Option_B,Option_C,Option_D,Answer,Explanation,Difficulty,Topic
51,"The Preamble of the Indian Constitution begins with the words:","We the Citizens","We the People of India","India is a Republic","Jai Hind","We the People of India","The Preamble starts with 'We, the People of India'.","Easy","Indian Polity"
52,"The Constitution of India was adopted on:","15 August 1947","26 January 1950","26 November 1949","2 October 1949","26 November 1949","The Constitution was adopted on 26 November 1949.","Easy","Indian Polity"
53,"The Constituent Assembly was formed in:","1942","1946","1947","1950","1946","The Constituent Assembly was established in 1946.","Medium","Indian Polity"
54,"The first meeting of the Constituent Assembly was held on:","9 December 1946","15 August 1947","26 November 1949","26 January 1950","9 December 1946","The first meeting was held on 9 December 1946.","Medium","Indian Polity"
55,"The President of the Constituent Assembly was:","B.R. Ambedkar","Rajendra Prasad","Jawaharlal Nehru","Sardar Patel","Rajendra Prasad","Dr. Rajendra Prasad was the President of the Constituent Assembly.","Easy","Indian Polity"
56,"The Indian Constitution is inspired by the Constitution of:","USA","UK","Both USA and UK","France only","Both USA and UK","The Indian Constitution borrowed features from many countries.","Medium","Indian Polity"
57,"The concept of Fundamental Rights was borrowed from:","USA","UK","Ireland","Canada","USA","Fundamental Rights were inspired by the US Constitution.","Medium","Indian Polity"
58,"The concept of Directive Principles was borrowed from:","USA","Ireland","Canada","Australia","Ireland","DPSP was borrowed from the Irish Constitution.","Medium","Indian Polity"
59,"The Indian Constitution contains how many Fundamental Rights currently?","5","6","7","8","6","There are six Fundamental Rights currently.","Easy","Indian Polity"
60,"The Right to Education is included under:","Article 19","Article 21A","Article 32","Article 45","Article 21A","Article 21A provides the Right to Education.","Easy","Indian Polity"
61,"The constitutional head of India is:","Prime Minister","President","Chief Justice","Governor","President","The President is the constitutional head of India.","Easy","Indian Polity"
62,"The real executive power in India is exercised by:","President","Prime Minister and Council of Ministers","Governor","Chief Justice","Prime Minister and Council of Ministers","The Prime Minister and Council exercise executive power.","Medium","Indian Polity"
63,"The Prime Minister of India is appointed by:","President","Chief Justice","Parliament","Election Commission","President","The President appoints the Prime Minister.","Easy","Indian Polity"
64,"The Council of Ministers is collectively responsible to:","President","Rajya Sabha","Lok Sabha","Supreme Court","Lok Sabha","The Council of Ministers is responsible to Lok Sabha.","Medium","Indian Polity"
65,"The Governor of a state is appointed by:","Chief Minister","President","Prime Minister","State Assembly","President","The President appoints state Governors.","Easy","Indian Polity"
66,"The normal term of Lok Sabha is:","4 years","5 years","6 years","7 years","5 years","Lok Sabha normally continues for five years.","Easy","Indian Polity"
67,"Rajya Sabha is also called:","House of People","Council of States","National Assembly","Federal House","Council of States","Rajya Sabha represents the states of India.","Easy","Indian Polity"
68,"Rajya Sabha is a:","Temporary House","Permanent House","Dissolved House","Judicial House","Permanent House","Rajya Sabha is a permanent body.","Easy","Indian Polity"
69,"One-third members of Rajya Sabha retire after every:","1 year","2 years","3 years","5 years","2 years","One-third Rajya Sabha members retire every two years.","Medium","Indian Polity"
70,"The highest law officer of India is:","Attorney General","Solicitor General","Chief Justice","Law Minister","Attorney General","Attorney General is the highest legal officer of India.","Easy","Indian Polity"
71,"The Comptroller and Auditor General of India is known as:","CAG","CBI","CBG","CVC","CAG","CAG audits government accounts.","Easy","Indian Polity"
72,"The Election Commission of India is a:","Statutory Body","Constitutional Body","Private Body","Judicial Body","Constitutional Body","Election Commission is established under Article 324.","Medium","Indian Polity"
73,"The Finance Commission is constituted every:","3 years","4 years","5 years","10 years","5 years","Finance Commission is constituted every five years.","Easy","Indian Polity"
74,"The Supreme Court judges are appointed by:","President","Prime Minister","Chief Justice only","Parliament","President","Supreme Court judges are appointed by the President.","Medium","Indian Polity"
75,"The judicial review power is held by:","Parliament","Courts","President","Election Commission","Courts","Courts can review laws through judicial review.","Medium","Indian Polity"
ID,Question,Option_A,Option_B,Option_C,Option_D,Answer,Explanation,Difficulty,Topic
76,"The national emblem of India is adopted from:","Sanchi Stupa","Lion Capital of Ashoka","Qutub Minar","Red Fort","Lion Capital of Ashoka","The National Emblem is adapted from the Lion Capital of Ashoka at Sarnath.","Easy","General Awareness"
77,"The national animal of India is:","Lion","Tiger","Elephant","Leopard","Tiger","The Royal Bengal Tiger is the national animal of India.","Easy","General Awareness"
78,"The national bird of India is:","Sparrow","Peacock","Eagle","Parrot","Peacock","The Indian Peacock is the national bird of India.","Easy","General Awareness"
79,"The national flower of India is:","Rose","Lotus","Jasmine","Sunflower","Lotus","Lotus is the national flower of India.","Easy","General Awareness"
80,"The national tree of India is:","Neem","Banyan","Mango","Peepal","Banyan","The Banyan tree is the national tree of India.","Easy","General Awareness"
81,"The first woman Prime Minister of India was:","Indira Gandhi","Sarojini Naidu","Pratibha Patil","Sushma Swaraj","Indira Gandhi","Indira Gandhi was India's first woman Prime Minister.","Easy","Indian History"
82,"The first woman President of India was:","Indira Gandhi","Pratibha Patil","Droupadi Murmu","Sarojini Naidu","Pratibha Patil","Pratibha Patil became India's first woman President in 2007.","Easy","Indian Polity"
83,"The first Indian to win Nobel Prize was:","C.V. Raman","Rabindranath Tagore","Amartya Sen","Mother Teresa","Rabindranath Tagore","Rabindranath Tagore won the Nobel Prize in Literature in 1913.","Easy","General Awareness"
84,"The author of 'Vande Mataram' is:","Rabindranath Tagore","Bankim Chandra Chatterjee","Mahatma Gandhi","Subhash Chandra Bose","Bankim Chandra Chatterjee","Bankim Chandra Chatterjee wrote Vande Mataram.","Easy","Indian History"
85,"The first Governor-General of independent India was:","C. Rajagopalachari","Lord Mountbatten","Lord Curzon","Warren Hastings","Lord Mountbatten","Lord Mountbatten was the first Governor-General of independent India.","Medium","Indian History"
86,"The last Governor-General of India was:","Lord Mountbatten","C. Rajagopalachari","Lord Wavell","Lord Irwin","C. Rajagopalachari","C. Rajagopalachari was the last Governor-General of India.","Medium","Indian History"
87,"The founder of the Maurya Empire was:","Ashoka","Chandragupta Maurya","Bindusara","Harsha","Chandragupta Maurya","Chandragupta Maurya founded the Maurya Empire.","Easy","Indian History"
88,"The founder of the Mughal Empire in India was:","Akbar","Babur","Humayun","Aurangzeb","Babur","Babur founded the Mughal Empire after the First Battle of Panipat.","Easy","Indian History"
89,"The First Battle of Panipat was fought in:","1526","1556","1761","1857","1526","Babur defeated Ibrahim Lodi in the First Battle of Panipat in 1526.","Easy","Indian History"
90,"The Battle of Plassey was fought in:","1757","1764","1857","1707","1757","The Battle of Plassey was fought in 1757.","Easy","Indian History"
91,"The Revolt of 1857 started from:","Delhi","Meerut","Kanpur","Lucknow","Meerut","The Revolt of 1857 began at Meerut.","Easy","Indian History"
92,"The Indian National Congress was founded in:","1885","1905","1919","1947","1885","INC was founded in 1885 by A.O. Hume and others.","Easy","Indian History"
93,"The Dandi March was started in:","1920","1930","1942","1947","1930","Mahatma Gandhi started the Dandi March in 1930.","Easy","Indian History"
94,"The Quit India Movement was launched in:","1930","1940","1942","1945","1942","Quit India Movement was launched in 1942.","Easy","Indian History"
95,"The first Five Year Plan of India started in:","1947","1951","1956","1961","1951","The First Five Year Plan started in 1951.","Medium","Indian Economy"
96,"The Green Revolution started in India during:","1950s","1960s","1970s","1980s","1960s","Green Revolution began in India during the 1960s.","Medium","Indian Economy"
97,"The largest source of revenue for the government is generally:","Taxes","Donations","Loans only","Exports only","Taxes","Taxes are a major source of government revenue.","Easy","Indian Economy"
98,"The International Monetary Fund headquarters is located in:","New York","Washington D.C.","London","Paris","Washington D.C.","IMF headquarters is located in Washington D.C.","Easy","International Organizations"
99,"The United Nations was established in:","1945","1947","1950","1955","1945","The United Nations was established on 24 October 1945.","Easy","International Organizations"
100,"The headquarters of United Nations is located in:","Geneva","Paris","New York","London","New York","UN headquarters is located in New York City.","Easy","International Organizations"