Category,Question,Answer
HR,"Tell me about a time you faced a challenge and how you handled it.","I faced a challenge during my project when some technical issues delayed progress. I analyzed the problem, divided it into smaller tasks, took help from teammates, and solved it systematically. This experience improved my problem-solving and teamwork skills."
HR,"How do you prioritize your work?","I prioritize my work based on urgency and importance. I make a task list, set deadlines, complete high-priority tasks first, and regularly track my progress."
HR,"Describe your leadership experience.","During academic projects, I have taken responsibility for planning tasks, coordinating with team members, and ensuring that the project goals were achieved on time."
HR,"How do you handle pressure?","I handle pressure by staying calm, organizing my tasks, and focusing on solutions instead of problems. Proper planning helps me complete work effectively."
HR,"What motivates you to perform well?","Learning new skills, solving challenging problems, and achieving goals motivate me to perform better."
HR,"How do you deal with criticism?","I take criticism positively because it helps me improve. I listen carefully, understand the feedback, and work on my weaknesses."
HR,"What are your communication skills like?","I believe I have good communication skills. I can explain my ideas clearly, listen actively, and work effectively with different people."
HR,"How do you handle conflicts in a team?","I handle conflicts by listening to everyone’s perspective, discussing the issue calmly, and finding a solution that benefits the team."
HR,"What is your biggest achievement?","My biggest achievement is successfully completing academic projects by applying my technical knowledge and improving my problem-solving abilities."
HR,"Tell me about a failure and what you learned from it.","I once underestimated the time required for a task. I learned the importance of planning, time management, and starting work early."
HR,"Why should we hire you?","You should hire me because I have a strong learning attitude, technical skills, problem-solving ability, and the dedication to contribute positively to the organization."
HR,"Where do you see yourself in five years?","In five years, I see myself as a skilled professional contributing to important projects while continuously improving my knowledge."
HR,"What are your strengths?","My strengths are adaptability, willingness to learn, problem-solving ability, and dedication toward my work."
HR,"What are your weaknesses?","Sometimes I focus too much on details, but I am improving by managing my time better and balancing quality with deadlines."
HR,"How do you adapt to new environments?","I adapt by observing the environment, understanding expectations, building relationships, and being open to learning new things."
HR,"How do you manage multiple tasks?","I manage multiple tasks by creating a schedule, setting priorities, and completing tasks according to deadlines."
HR,"Are you a team player?","Yes, I enjoy working in teams because collaboration helps generate better ideas and achieve goals efficiently."
HR,"How do you handle a situation where you disagree with your manager?","I would respectfully explain my viewpoint with proper reasoning and consider my manager's feedback to reach the best decision."
HR,"What type of work environment do you prefer?","I prefer a positive and collaborative work environment where employees can learn, share ideas, and grow professionally."
HR,"How do you stay updated with technology?","I stay updated by following technology blogs, online courses, documentation, and practicing new tools through projects."
HR,"What makes you different from other candidates?","My continuous learning attitude, dedication, and ability to quickly adapt to new technologies make me different."
HR,"How do you define success?","Success means achieving goals through continuous learning, improvement, and creating value for others."
HR,"What are your career goals?","My career goal is to become a skilled professional, improve my expertise, and contribute to organizational growth."
HR,"How do you handle repetitive tasks?","I complete repetitive tasks with consistency and look for ways to improve efficiency through automation or better methods."
HR,"What do you expect from this job?","I expect opportunities to learn, apply my skills, work with experienced professionals, and contribute to meaningful projects."
HR,"How do you make decisions?","I make decisions by analyzing available information, considering possible outcomes, and choosing the most effective solution."
HR,"Describe yourself in three words.","Dedicated, adaptable, and hardworking."
HR,"How do you manage your time?","I manage my time by planning my schedule, setting priorities, avoiding distractions, and tracking progress."
HR,"What are your hobbies?","My hobbies include learning new technologies, reading, exploring new ideas, and improving my skills."
HR,"What qualities make a good employee?","A good employee should have responsibility, teamwork, communication skills, adaptability, and a willingness to learn."
Category,Question,Answer
HR,"What do you know about our company?","I have researched about your company and understand its products, services, values, and work culture. I am interested in being part of an organization that focuses on innovation and growth."
HR,"Why do you want to join our company?","I want to join your company because it provides opportunities to learn, improve my skills, and contribute to meaningful projects."
HR,"What attracts you to this role?","This role matches my skills and interests. It will allow me to apply my knowledge, learn new technologies, and grow professionally."
HR,"How do you handle tight deadlines?","I handle tight deadlines by planning tasks, focusing on priorities, avoiding distractions, and maintaining quality while completing work on time."
HR,"Describe your ideal workplace.","My ideal workplace is one where employees collaborate, communicate openly, learn continuously, and work toward common goals."
HR,"How do you handle mistakes at work?","I accept my mistakes, analyze the reason behind them, learn from the experience, and take steps to avoid repeating them."
HR,"What skills do you want to improve?","I want to continuously improve my technical skills, communication skills, and leadership abilities through practice and learning."
HR,"How do you react when you are given a task you do not know?","I first try to understand the task, research the topic, learn from available resources, and ask for guidance when required."
HR,"What role do you usually take in a team?","I usually take the role of a responsible team member who contributes ideas, supports teammates, and helps complete tasks successfully."
HR,"How do you handle disagreements with teammates?","I listen to their opinions, discuss differences respectfully, and focus on finding the best solution for the team."
HR,"What is your approach to learning something new?","I start with understanding the basics, practice regularly, use online resources, and apply the knowledge through projects."
HR,"How do you stay organized?","I stay organized by maintaining a task list, setting priorities, managing deadlines, and keeping track of my progress."
HR,"What type of manager do you work best with?","I work best with managers who provide guidance, encourage learning, and give constructive feedback."
HR,"How do you handle changes in requirements?","I analyze the new requirements, adjust my plan, communicate with the team, and work toward the updated goal."
HR,"What is your biggest strength as a student/professional?","My biggest strength is my ability to learn quickly and adapt to new challenges."
HR,"How do you handle failure in a project?","I analyze what went wrong, identify improvements, apply lessons learned, and continue working toward success."
HR,"What qualities do you admire in a leader?","I admire leaders who have good communication skills, make fair decisions, support their team, and inspire others."
HR,"How do you motivate yourself during difficult situations?","I focus on my goals, break problems into smaller tasks, and remind myself that challenges help me grow."
HR,"How do you deal with stress?","I manage stress by planning my work, maintaining a positive mindset, taking short breaks, and focusing on solutions."
HR,"What does teamwork mean to you?","Teamwork means working together, sharing responsibilities, respecting different opinions, and achieving a common objective."
HR,"How do you improve your productivity?","I improve productivity by setting goals, reducing distractions, using effective tools, and continuously improving my skills."
HR,"What are your expectations from your first job?","I expect to gain practical experience, learn from experienced professionals, and contribute to the organization's success."
HR,"How do you handle a difficult customer or client?","I listen patiently, understand their concern, communicate clearly, and provide the best possible solution."
HR,"What would you do if you were assigned extra responsibilities?","I would accept the responsibility, plan my work properly, and complete the additional tasks efficiently."
HR,"How do you evaluate your own performance?","I evaluate my performance by reviewing my achievements, identifying areas for improvement, and setting future goals."
HR,"What kind of feedback helps you improve?","Constructive feedback helps me understand my mistakes and improve my skills and performance."
HR,"How do you build relationships with colleagues?","I build relationships by communicating respectfully, helping others, and maintaining a positive attitude."
HR,"What values are important to you at work?","Honesty, responsibility, teamwork, respect, and continuous learning are important values for me."
HR,"What would you do if your teammate was not contributing?","I would communicate with the teammate, understand their challenges, and support them in completing their responsibilities."
HR,"How do you define professionalism?","Professionalism means being responsible, respectful, disciplined, and committed to delivering quality work."
Category,Question,Answer
HR,"Why did you choose your field of study?","I chose this field because I am interested in technology, problem-solving, and creating solutions using my knowledge and skills."
HR,"What did you learn from your academic projects?","My academic projects taught me teamwork, time management, technical implementation, problem-solving, and the importance of planning."
HR,"How do you manage your priorities when everything seems important?","I analyze tasks based on urgency and impact, complete critical tasks first, and create a proper schedule to manage everything effectively."
HR,"How do you respond to a situation where you receive unclear instructions?","I ask relevant questions, clarify expectations, and confirm requirements before starting the task."
HR,"What is your approach to solving problems?","I understand the problem, analyze possible solutions, select the best approach, implement it, and evaluate the results."
HR,"How do you handle working with people from different backgrounds?","I respect different perspectives, communicate openly, and focus on teamwork and common goals."
HR,"What do you consider your biggest learning experience?","My biggest learning experience has been working on projects where I applied theoretical knowledge to solve real-world problems."
HR,"How do you react when your idea is rejected?","I accept the feedback positively, understand the reason behind the decision, and look for ways to improve my idea."
HR,"What is your approach to teamwork?","My approach is to communicate clearly, support team members, share responsibilities, and work together to achieve goals."
HR,"How do you maintain work quality?","I maintain work quality by reviewing my work, following standards, testing results, and improving wherever necessary."
HR,"What challenges do fresh graduates face?","Fresh graduates may face challenges in gaining practical experience, but continuous learning and adaptability help overcome them."
HR,"How do you prepare before starting a new project?","I understand requirements, research the topic, plan tasks, identify resources, and create a timeline."
HR,"How do you handle competition?","I see competition as an opportunity to improve myself, learn from others, and develop better skills."
HR,"What is your opinion about continuous learning?","Continuous learning is important because technology and industries keep changing. It helps professionals stay updated and improve their careers."
HR,"How do you balance speed and accuracy?","I plan my work properly, focus on important details, and maintain efficiency without compromising quality."
HR,"What would you do if you have multiple deadlines on the same day?","I would prioritize tasks, estimate required time, create a schedule, and complete them according to importance."
HR,"How do you handle responsibilities?","I take responsibility seriously, plan my work, complete tasks on time, and accept accountability for results."
HR,"What is your preferred communication style?","I prefer clear and respectful communication where ideas can be shared openly and effectively."
HR,"How do you deal with uncertainty?","I analyze available information, stay flexible, prepare alternatives, and focus on finding solutions."
HR,"What is your understanding of work ethics?","Work ethics means being honest, responsible, punctual, respectful, and committed to quality work."
HR,"How do you improve yourself professionally?","I improve myself by learning new skills, practicing regularly, taking feedback, and working on my weaknesses."
HR,"What qualities help you succeed in a career?","Adaptability, dedication, communication skills, problem-solving ability, and continuous learning help in career success."
HR,"How do you handle a boring task?","I complete boring tasks with discipline and focus on the importance of completing all responsibilities properly."
HR,"What is more important: hard work or smart work?","Both are important. Hard work provides dedication, while smart work improves efficiency and helps achieve better results."
HR,"How do you handle a situation where you have limited resources?","I use available resources effectively, find alternative solutions, and focus on achieving the desired outcome."
HR,"What do you do to improve your communication skills?","I improve my communication skills by practicing conversations, reading, listening, and participating in discussions."
HR,"How do you respond to unexpected problems?","I stay calm, analyze the situation, find possible solutions, and take appropriate action."
HR,"What makes you a good candidate for this position?","My willingness to learn, problem-solving skills, adaptability, and dedication make me a suitable candidate for this position."
HR,"How do you handle responsibility without supervision?","I stay self-motivated, manage my tasks independently, and ensure that work is completed properly."
HR,"What is your attitude towards learning from others?","I believe everyone has something valuable to teach, so I actively listen and learn from experienced people."
Category,Question,Answer
HR,"Introduce yourself.","I am a motivated and enthusiastic learner with a strong interest in improving my technical and professional skills. I enjoy solving problems, working in teams, and continuously learning new concepts."
HR,"Why should we select you as a fresher?","As a fresher, I bring a learning attitude, dedication, adaptability, and willingness to take responsibility. I am ready to learn and contribute to the organization."
HR,"What do you expect from your team members?","I expect teamwork, clear communication, mutual respect, and support from team members to achieve common goals."
HR,"How do you handle a task that you find difficult?","I break the task into smaller parts, understand the requirements, research solutions, and seek guidance when needed."
HR,"What is your biggest motivation in life?","My biggest motivation is continuous improvement, achieving my goals, and becoming better through learning and experience."
HR,"How do you manage distractions while working?","I manage distractions by focusing on priorities, setting specific goals, and creating a productive work environment."
HR,"What qualities make someone a successful professional?","A successful professional should have discipline, adaptability, communication skills, technical knowledge, and a positive attitude."
HR,"How do you handle situations when you have less time to complete work?","I prioritize important tasks, manage my time efficiently, and focus on completing quality work within the deadline."
HR,"What is your approach to accepting new responsibilities?","I accept new responsibilities positively because they provide opportunities to learn, improve skills, and gain experience."
HR,"How do you build confidence in your abilities?","I build confidence by preparing well, practicing regularly, learning from experiences, and improving my skills."
HR,"What do you do when you lose motivation?","I remind myself of my goals, analyze my progress, take small steps, and focus on positive outcomes."
HR,"How do you deal with repetitive feedback?","I listen carefully, identify areas for improvement, and make consistent efforts to improve my performance."
HR,"What are the important qualities of a good employee?","A good employee should be responsible, punctual, adaptable, hardworking, cooperative, and willing to learn."
HR,"How do you approach learning a new technology?","I start with fundamentals, use online resources, practice through projects, and gradually improve my understanding."
HR,"What kind of challenges do you enjoy?","I enjoy challenges that help me learn new skills, improve my problem-solving ability, and grow professionally."
HR,"How do you handle failure in your career?","I consider failure as a learning opportunity, analyze mistakes, improve my approach, and continue working toward success."
HR,"How do you maintain a positive attitude at work?","I stay positive by focusing on solutions, appreciating teamwork, and treating challenges as learning opportunities."
HR,"What are your expectations from a company?","I expect a company that provides opportunities for learning, professional growth, and a supportive work environment."
HR,"How do you handle responsibility during teamwork?","I complete my assigned tasks on time, communicate progress, and support my teammates whenever required."
HR,"What is your greatest personal achievement?","My greatest achievement is continuously improving myself by learning new skills and successfully completing challenging tasks."
HR,"How do you react when your plans fail?","I review what went wrong, make necessary changes, and create a better plan to achieve the goal."
HR,"What is your definition of teamwork?","Teamwork is the ability to work together, share ideas, respect opinions, and achieve a common objective."
HR,"How do you manage your learning along with other responsibilities?","I create a schedule, set priorities, and maintain consistency to balance learning and responsibilities."
HR,"What type of tasks do you enjoy the most?","I enjoy tasks that involve problem-solving, learning new concepts, and creating practical solutions."
HR,"How do you handle a situation where you are not confident about a task?","I prepare by learning more about the topic, practicing, and taking guidance to complete the task successfully."
HR,"What does professional growth mean to you?","Professional growth means improving skills, gaining experience, taking new responsibilities, and becoming better in my career."
HR,"How do you respond to changes in technology?","I accept changes positively and continuously update my knowledge to stay relevant in the technology field."
HR,"What is your approach towards teamwork and collaboration?","I believe collaboration improves ideas and results. I communicate openly and support team members to achieve goals."
HR,"How do you handle criticism from seniors?","I take criticism professionally, understand the feedback, and use it to improve my skills and performance."
HR,"What are your goals after joining an organization?","My goal is to learn from experienced professionals, contribute to projects, improve my skills, and grow with the organization."
Category,Question,Answer
HR,"What do you know about yourself that others may not know?","I am someone who enjoys learning continuously and improving my skills. I like exploring new technologies and challenging myself with new tasks."
HR,"How do you set goals for yourself?","I set goals by understanding what I want to achieve, creating a plan, dividing it into smaller tasks, and tracking my progress regularly."
HR,"How do you handle situations where you have to learn quickly?","I focus on understanding the basics, use reliable resources, practice consistently, and apply what I learn."
HR,"What is your biggest professional quality?","My biggest professional quality is my willingness to learn and adapt according to new situations."
HR,"How do you handle working under supervision?","I respect guidance from seniors, follow instructions carefully, and take feedback to improve my work."
HR,"How do you handle working independently?","I manage my responsibilities by planning tasks, setting deadlines, and ensuring that work is completed effectively."
HR,"How do you react when someone disagrees with your opinion?","I listen to their perspective, understand their reasoning, and discuss the matter respectfully to find the best solution."
HR,"How do you manage conflicts between personal and professional responsibilities?","I prioritize tasks, manage my time effectively, and maintain a balance between responsibilities."
HR,"What do you think is the key to career success?","Continuous learning, dedication, adaptability, hard work, and maintaining a positive attitude are keys to career success."
HR,"How do you handle situations when you are asked to do something outside your comfort zone?","I accept the challenge, learn the required skills, and try my best to complete the task successfully."
HR,"What makes you passionate about your work?","Learning new things, solving problems, and seeing the results of my efforts motivate me."
HR,"How do you maintain accuracy in your work?","I carefully review my work, test results, and pay attention to important details."
HR,"How do you respond to sudden changes in project requirements?","I understand the changes, communicate with the team, update the plan, and work according to new requirements."
HR,"What is your approach to handling responsibilities?","I take ownership of my tasks, complete them on time, and ensure good quality results."
HR,"How do you improve your decision-making skills?","I improve decision-making by analyzing situations, considering possible outcomes, and learning from previous experiences."
HR,"What do you consider while making important decisions?","I consider available information, possible risks, benefits, and the impact of the decision."
HR,"How do you handle pressure during important tasks?","I stay organized, focus on priorities, and complete tasks step by step without losing concentration."
HR,"What do you do when you complete your assigned work early?","I review my work, help teammates if needed, and use the remaining time to learn or improve."
HR,"How do you manage relationships with colleagues?","I maintain good relationships by respecting others, communicating clearly, and supporting my teammates."
HR,"What does adaptability mean to you?","Adaptability means being flexible and adjusting to new situations, technologies, and work environments."
HR,"How do you prepare for professional challenges?","I prepare by improving my skills, staying updated, learning from experiences, and maintaining a positive mindset."
HR,"What is your approach to solving disagreements?","I focus on understanding the issue, communicating openly, and finding a solution acceptable to everyone."
HR,"How do you ensure that your work meets expectations?","I understand requirements clearly, follow guidelines, review my work, and take feedback."
HR,"What are the qualities you look for in a company?","I look for a company that encourages learning, innovation, teamwork, and professional growth."
HR,"How do you handle situations where you have limited knowledge?","I accept that I need to learn, search for information, ask questions, and improve my understanding."
HR,"How do you stay productive during long projects?","I divide the project into milestones, track progress, stay motivated, and celebrate small achievements."
HR,"How do you deal with mistakes made by your teammates?","I discuss the issue respectfully, help find a solution, and focus on improving the overall team performance."
HR,"How do you handle a challenging conversation?","I stay calm, listen carefully, communicate respectfully, and focus on solving the issue."
HR,"What role does feedback play in your growth?","Feedback helps me understand my strengths and weaknesses and provides direction for improvement."
HR,"How do you maintain discipline in your work?","I follow schedules, respect deadlines, stay focused, and take responsibility for my tasks."
Category,Question,Answer
HR,"What are your short-term goals?","My short-term goal is to improve my skills, gain practical experience, and contribute effectively to the organization."
HR,"What are your long-term goals?","My long-term goal is to become an experienced professional, take higher responsibilities, and contribute to organizational growth."
HR,"How do you handle learning from experienced people?","I respect their knowledge, listen carefully, ask questions, and apply their guidance to improve myself."
HR,"What is the importance of communication in the workplace?","Communication helps teams share ideas, avoid misunderstandings, solve problems, and work efficiently."
HR,"How do you handle a task with unclear requirements?","I analyze the available information, ask questions for clarification, and confirm expectations before starting."
HR,"What makes you confident about your abilities?","My preparation, willingness to learn, consistent effort, and experience with projects make me confident."
HR,"How do you deal with a negative situation?","I focus on finding solutions, learn from the experience, and maintain a positive approach."
HR,"What motivates you to improve yourself?","The desire to learn new skills, achieve goals, and become better professionally motivates me."
HR,"How do you manage your daily tasks?","I create a plan, prioritize important tasks, complete them according to deadlines, and review my progress."
HR,"What is your attitude towards teamwork?","I believe teamwork helps combine different skills and ideas to achieve better results."
HR,"How do you handle a situation when your workload increases suddenly?","I reorganize my priorities, manage time effectively, and complete tasks systematically."
HR,"What do you do when you disagree with a decision made by your team?","I respect the decision, share my opinion politely, and support the team’s final choice."
HR,"How do you improve your problem-solving ability?","I improve it by practicing problems, analyzing real situations, learning from mistakes, and gaining experience."
HR,"What does leadership mean to you?","Leadership means guiding others, taking responsibility, making decisions, and helping the team achieve goals."
HR,"How do you handle responsibility for a mistake?","I accept responsibility, understand the reason, correct the mistake, and learn from it."
HR,"How do you manage your emotions at work?","I stay calm, think logically, and respond professionally in different situations."
HR,"What is your approach to achieving targets?","I understand the target, create a plan, track progress, and make necessary improvements."
HR,"How do you maintain focus while working?","I set clear goals, avoid distractions, and concentrate on completing tasks efficiently."
HR,"How do you handle unfamiliar situations?","I analyze the situation, gather information, adapt quickly, and find the best possible solution."
HR,"What does success mean to you?","Success means continuous improvement, achieving goals, learning from experiences, and creating value."
HR,"How do you manage your time during exams or projects?","I prepare a schedule, prioritize important activities, and maintain consistency in my work."
HR,"How do you respond to challenging feedback?","I accept feedback positively, understand the areas of improvement, and work on them."
HR,"What qualities help you work effectively in a team?","Good communication, cooperation, respect, adaptability, and responsibility help me work effectively in teams."
HR,"How do you stay updated in your field?","I follow online courses, technical blogs, documentation, and practice new concepts through projects."
HR,"What is your biggest source of inspiration?","People who continuously learn, overcome challenges, and achieve success through dedication inspire me."
HR,"How do you handle multiple opinions in a team discussion?","I listen to everyone, compare ideas, and support the solution that best meets the goal."
HR,"What would you do if you are assigned a task with a very short deadline?","I analyze the requirements, prioritize important activities, and focus on completing the task efficiently."
HR,"How do you build trust with others?","I build trust through honesty, reliability, clear communication, and keeping my commitments."
HR,"How do you deal with workplace stress?","I manage stress by planning my work, staying organized, and focusing on solutions."
HR,"Why is teamwork important in an organization?","Teamwork combines different skills and ideas, improves productivity, and helps achieve organizational goals."
Category,Question,Answer
HR,"What are the qualities of a successful person?","A successful person should have dedication, discipline, confidence, adaptability, and a continuous learning mindset."
HR,"How do you handle situations where you have to make quick decisions?","I analyze the available information, consider possible outcomes, and make a decision based on facts and priorities."
HR,"What do you do when you feel overwhelmed with work?","I organize my tasks, prioritize important work, take one step at a time, and focus on completing tasks effectively."
HR,"How do you maintain a good work-life balance?","I manage my time properly, set priorities, and maintain a healthy balance between professional and personal responsibilities."
HR,"What is the importance of punctuality?","Punctuality shows discipline, responsibility, and respect for others' time. It helps maintain productivity."
HR,"How do you handle tasks that you do not enjoy?","I understand the importance of the task, complete it with responsibility, and focus on achieving the overall goal."
HR,"How do you approach teamwork with new members?","I communicate openly, understand their working style, build trust, and collaborate effectively."
HR,"What do you do when you receive a new assignment?","I understand the requirements, plan the approach, gather resources, and start working systematically."
HR,"How do you react when your work is appreciated?","I feel motivated and use the appreciation as encouragement to continue improving my performance."
HR,"How do you react when your work is not appreciated?","I take it positively, identify areas for improvement, and continue working with dedication."
HR,"What are your expectations from your manager?","I expect guidance, constructive feedback, support for learning, and opportunities to improve my skills."
HR,"How do you handle a difference of opinion with a senior?","I respectfully share my viewpoint, listen to their experience, and work toward the best solution."
HR,"What does responsibility mean to you?","Responsibility means completing assigned tasks sincerely, accepting accountability, and delivering quality results."
HR,"How do you develop leadership skills?","I develop leadership skills by taking initiative, helping others, improving communication, and learning from leaders."
HR,"How do you handle failure in achieving goals?","I analyze the reasons for failure, learn from mistakes, improve my strategy, and try again."
HR,"How do you maintain motivation during long-term projects?","I divide projects into smaller goals, track progress, and focus on the final objective."
HR,"What is your approach to innovation?","I believe innovation comes from exploring new ideas, solving problems creatively, and improving existing methods."
HR,"How do you handle situations where resources are limited?","I use available resources efficiently, find alternatives, and focus on achieving the required outcome."
HR,"How do you manage conflicts in a professional environment?","I communicate calmly, understand different viewpoints, and work toward a mutually beneficial solution."
HR,"What is the role of trust in a workplace?","Trust improves teamwork, communication, collaboration, and creates a positive working environment."
HR,"How do you handle repetitive feedback from your manager?","I consider it an opportunity to improve, understand the issue, and make consistent changes."
HR,"How do you deal with changes in workplace policies?","I understand the changes, adapt accordingly, and follow the updated policies professionally."
HR,"What are your expectations from your career?","I expect continuous growth, opportunities to learn, and chances to contribute meaningfully."
HR,"How do you improve your efficiency?","I improve efficiency by planning tasks, learning better methods, using tools effectively, and avoiding unnecessary delays."
HR,"How do you handle pressure situations in a team?","I stay calm, communicate with team members, divide responsibilities, and focus on solutions."
HR,"How do you manage your personal development?","I set learning goals, practice regularly, seek feedback, and continuously improve my abilities."
HR,"How do you approach solving complex problems?","I understand the problem, divide it into smaller parts, analyze possible solutions, and implement the best approach."
HR,"What qualities do you bring to a team?","I bring dedication, cooperation, adaptability, problem-solving ability, and a willingness to support others."
HR,"How do you handle situations when your ideas are not accepted?","I respect the decision, learn from the discussion, and continue contributing positively."
HR,"What makes you suitable for this organization?","My learning attitude, dedication, adaptability, and willingness to contribute make me suitable for this organization."